Title,URL,Date,Image,LastScraped
Foreign arrivals maintain double digit growth,https://www.phnompenhpost.comhttps://www.phnompenhpost.com/national/foreign-arrivals-maintain-double-digit-growth,01 July 2025 | 12:26,https://pppenglish.sgp1.digitaloceanspaces.com/image/main/20257/1_7_2025_a2169.jpg,2025-07-01 14:17:37
Recently discovered gecko species proposed for IUCN Red List,https://www.phnompenhpost.comhttps://www.phnompenhpost.com/national/recently-discovered-gecko-species-proposed-for-iucn-red-list,01 July 2025 | 11:02,https://pppenglish.sgp1.digitaloceanspaces.com/image/main/20257/1_7_2025_a2161.jpg,2025-07-01 14:17:37
"South Korea overtakes US in cosmetics exports, trailing only France",https://www.phnompenhpost.comhttps://www.phnompenhpost.com/international/south-korea-overtakes-us-in-cosmetics-exports-trailing-only-france,01 July 2025 | 09:37,https://pppenglish.sgp1.digitaloceanspaces.com/image/main/20257/1_7_2025_a2159.jpg,2025-07-01 14:17:37
"Pikachu, Snorlax named Japan ambassadors to promote better sleep",https://www.phnompenhpost.comhttps://www.phnompenhpost.com/international/pikachu-snorlax-named-japan-ambassadors-to-promote-better-sleep,01 July 2025 | 09:31,https://pppenglish.sgp1.digitaloceanspaces.com/image/main/20257/1_7_2025_a2157.jpg,2025-07-01 14:17:37
Foreign Investors Desert Thai Stocks Amid Political Turmoil and Economic Slump,https://www.phnompenhpost.comhttps://www.phnompenhpost.com/international/foreign-investors-desert-thai-stocks-amid-political-turmoil-and-economic-slump,01 July 2025 | 09:22,https://pppenglish.sgp1.digitaloceanspaces.com/image/main/20257/1_7_2025_zzz.jpg,2025-07-01 14:17:37
Pakistan urges India to resume functioning of Indus Water Treaty after Hague court’s supplemental award,https://www.phnompenhpost.comhttps://www.phnompenhpost.com/international/pakistan-urges-india-to-resume-functioning-of-indus-water-treaty-after-hague-court-s-supplemental-award,01 July 2025 | 08:38,https://pppenglish.sgp1.digitaloceanspaces.com/image/main/20257/1_7_2025_2612.jpg,2025-07-01 14:17:37
"Man in custody after soliciting fake donations for border troops, sharing false information",https://www.phnompenhpost.comhttps://www.phnompenhpost.com/national/man-in-custody-after-soliciting-fake-donations-for-border-troops-sharing-false-information,01 July 2025 | 08:28,https://pppenglish.sgp1.digitaloceanspaces.com/image/main/20257/1_7_2025_2609.jpg,2025-07-01 14:17:37
"Hattha Bank inject $80 million, boost operating capital to $220 million",https://www.phnompenhpost.comhttps://www.phnompenhpost.com/business/hattha-bank-inject-80-million-boost-operating-capital-to-220-million,30 June 2025 | 18:04,https://pppenglish.sgp1.digitaloceanspaces.com/image/main/20256/30_6_2025_a2155.jpg,2025-07-01 14:17:37
Cambodia-Turkiye transport cooperation strengthened with latest MoU,https://www.phnompenhpost.comhttps://www.phnompenhpost.com/business/cambodia-turkiye-transport-cooperation-strengthened-with-latest-mou,30 June 2025 | 17:46,https://pppenglish.sgp1.digitaloceanspaces.com/image/main/20256/30_6_2025_a2152.jpg,2025-07-01 14:17:37
ABA Bank Reimagines Online Banking with Launch of ABA Business for Cambodia,https://www.phnompenhpost.comhttps://www.phnompenhpost.com/business/aba-bank-reimagines-online-banking-with-launch-of-aba-business-for-cambodia,30 June 2025 | 14:41,https://pppenglish.sgp1.digitaloceanspaces.com/image/main/20256/30_6_2025_ddd.jpg,2025-07-01 14:17:37
First draw of new forest protection land allocation scheme conducted,https://www.phnompenhpost.comhttps://www.phnompenhpost.com/national/first-draw-of-new-forest-protection-land-allocation-scheme-conducted,30 June 2025 | 16:56,https://pppenglish.sgp1.digitaloceanspaces.com/image/main/20256/30_6_2025_a2149.jpg,2025-07-01 14:17:37
"Health workers on standby to support military, citizens on Thai border",https://www.phnompenhpost.comhttps://www.phnompenhpost.com/national/health-workers-on-standby-to-support-military-citizens-on-thai-border,30 June 2025 | 16:21,https://pppenglish.sgp1.digitaloceanspaces.com/image/main/20256/30_6_2025_a2147.jpg,2025-07-01 14:17:37
Hun Sen warns of ‘sinister Thai schemes’,https://www.phnompenhpost.comhttps://www.phnompenhpost.com/national/hun-sen-warns-of-sinister-thai-schemes-,30 June 2025 | 16:16,https://pppenglish.sgp1.digitaloceanspaces.com/image/main/20256/30_6_2025_a2145.jpg,2025-07-01 14:17:37
"Cambodia’s CRVS progress commended but death data gaps remain, Says UN official",https://www.phnompenhpost.comhttps://www.phnompenhpost.com/national/cambodia-s-crvs-progress-commended-but-death-data-gaps-remain-says-un-official,30 June 2025 | 15:20,https://pppenglish.sgp1.digitaloceanspaces.com/image/main/20256/30_6_2025_ff7.jpg,2025-07-01 14:17:37
Coach Conor says national footballers deserve encouragement after Hong Kong draw,https://www.phnompenhpost.comhttps://www.phnompenhpost.com/sport/coach-conor-says-national-footballers-deserve-encouragement-after-hong-kong-draw,30 June 2025 | 14:43,https://pppenglish.sgp1.digitaloceanspaces.com/image/main/20256/30_6_2025_ff4.jpg,2025-07-01 14:17:37
When leadership lacks direction: Thailand’s baseless attacks on Cambodia reveal its deeper crisis,https://www.phnompenhpost.comhttps://www.phnompenhpost.com/opinion/when-leadership-lacks-direction-thailand-s-baseless-attacks-on-cambodia-reveal-its-deeper-crisis,30 June 2025 | 14:01,https://pppenglish.sgp1.digitaloceanspaces.com/image/main/20256/30_6_2025_ff1.jpg,2025-07-01 14:17:37
Man held over felling palm tree with over 100 endangered bird nests in Bangladesh,https://www.phnompenhpost.comhttps://www.phnompenhpost.com/international/man-held-over-felling-palm-tree-with-over-100-endangered-bird-nests-in-bangladesh,30 June 2025 | 11:11,https://pppenglish.sgp1.digitaloceanspaces.com/image/main/20256/30_6_2025_a2140.jpg,2025-07-01 14:17:37
CRF denies involvement Thai-branded rice on sale in China,https://www.phnompenhpost.comhttps://www.phnompenhpost.com/business/crf-denies-involvement-thai-branded-rice-on-sale-in-china,30 June 2025 | 10:38,https://pppenglish.sgp1.digitaloceanspaces.com/image/main/20256/30_6_2025_a2133.jpg,2025-07-01 14:17:37
Ten cases of H5N1 bird flu reported so far this year,https://www.phnompenhpost.comhttps://www.phnompenhpost.com/national/ten-cases-of-h5n1-bird-flu-reported-so-far-this-year,30 June 2025 | 10:34,https://pppenglish.sgp1.digitaloceanspaces.com/image/main/20256/30_6_2025_a2125.jpg,2025-07-01 14:17:37
Beijing warns countries against signing trade deals with US that hurt Chinese interests,https://www.phnompenhpost.comhttps://www.phnompenhpost.com/international/beijing-warns-countries-against-signing-trade-deals-with-us-that-hurt-chinese-interests,30 June 2025 | 09:17,https://pppenglish.sgp1.digitaloceanspaces.com/image/main/20256/30_6_2025_a2123.jpg,2025-07-01 14:17:37
